Modell,Årsmodell,Km,Pris,Drivlinje,Farge,Interiør,FINN-link
Ukjent,2020,,,Ukjent,Ukjent,Ukjent,https://www.finn.no/mobility/item/450562159
Ukjent,2020,,,Ukjent,Ukjent,Ukjent,https://www.finn.no/mobility/item/450084548
Ukjent,2028,,,Ukjent,Ukjent,Ukjent,https://www.finn.no/mobility/item/447258154
Ukjent,2019,,,Ukjent,Ukjent,Ukjent,https://www.finn.no/mobility/item/449834997
Ukjent,2020,,,Ukjent,Ukjent,Ukjent,https://www.finn.no/mobility/item/449729312
Ukjent,2020,,,Ukjent,Ukjent,Ukjent,https://www.finn.no/mobility/item/449686229
Ukjent,2027,,,Ukjent,Ukjent,Ukjent,https://www.finn.no/mobility/item/449529554
Ukjent,2021,,,Ukjent,Ukjent,Ukjent,https://www.finn.no/mobility/item/449383210
Ukjent,2019,,,Ukjent,Ukjent,Ukjent,https://www.finn.no/mobility/item/445800534
Ukjent,2018,,,Ukjent,Ukjent,Ukjent,https://www.finn.no/mobility/item/449148131
Ukjent,2020,,,Ukjent,Ukjent,Ukjent,https://www.finn.no/mobility/item/448984765
Ukjent,2021,,,Ukjent,Ukjent,Ukjent,https://www.finn.no/mobility/item/449008967
Ukjent,2021,259.0,,Ukjent,Ukjent,Ukjent,https://www.finn.no/mobility/item/448893504
Ukjent,2019,,,Ukjent,Ukjent,Ukjent,https://www.finn.no/mobility/item/448739199
Ukjent,2026,,,Ukjent,Ukjent,Ukjent,https://www.finn.no/mobility/item/448366674
Ukjent,2019,,,Ukjent,Ukjent,Ukjent,https://www.finn.no/mobility/item/448321767
Ukjent,2020,,,Ukjent,Ukjent,Ukjent,https://www.finn.no/mobility/item/448275182
Ukjent,2019,,,Ukjent,Ukjent,Ukjent,https://www.finn.no/mobility/item/447679886
Ukjent,2020,,,Ukjent,Ukjent,Ukjent,https://www.finn.no/mobility/item/447505040
Ukjent,2026,,,Ukjent,Ukjent,Ukjent,https://www.finn.no/mobility/item/437599841
Ukjent,2020,,,Ukjent,Ukjent,Ukjent,https://www.finn.no/mobility/item/447198453
Ukjent,2019,,,Ukjent,Ukjent,Ukjent,https://www.finn.no/mobility/item/447130298
Ukjent,2020,,,Ukjent,Ukjent,Ukjent,https://www.finn.no/mobility/item/427535518
Ukjent,2018,,,Ukjent,Ukjent,Ukjent,https://www.finn.no/mobility/item/444781826
Ukjent,2020,,,Ukjent,Ukjent,Ukjent,https://www.finn.no/mobility/item/436013290
Ukjent,2004,,,Ukjent,Ukjent,Ukjent,https://www.finn.no/mobility/item/434200620
Ukjent,2019,,,Ukjent,Ukjent,Ukjent,https://www.finn.no/mobility/item/426727831
Ukjent,2020,,,Ukjent,Ukjent,Ukjent,https://www.finn.no/mobility/item/419013852
Ukjent,2003,,,Ukjent,Ukjent,Ukjent,https://www.finn.no/mobility/item/417895213
Ukjent,2019,,,Ukjent,Ukjent,Ukjent,https://www.finn.no/mobility/item/344002088
